Date, DMI HadISST1.1  missing value -9999 https://psl.noaa.gov/data/timeseries/month/
1870-01-01,   -0.438
1870-02-01,   -0.336
1870-03-01,    0.177
1870-04-01,   -0.048
1870-05-01,   -0.480
1870-06-01,   -0.548
1870-07-01,   -0.650
1870-08-01,   -0.522
1870-09-01,   -0.728
1870-10-01,   -0.636
1870-11-01,   -0.401
1870-12-01,   -0.375
1871-01-01,   -0.273
1871-02-01,   -0.170
1871-03-01,   -0.212
1871-04-01,   -0.148
1871-05-01,   -0.115
1871-06-01,   -0.163
1871-07-01,   -0.444
1871-08-01,   -0.375
1871-09-01,   -0.336
1871-10-01,   -0.527
1871-11-01,   -0.217
1871-12-01,   -0.228
1872-01-01,   -0.037
1872-02-01,    0.041
1872-03-01,   -0.076
1872-04-01,   -0.084
1872-05-01,   -0.148
1872-06-01,   -0.084
1872-07-01,   -0.285
1872-08-01,   -0.325
1872-09-01,   -0.333
1872-10-01,   -0.270
1872-11-01,   -0.106
1872-12-01,   -0.111
1873-01-01,    0.062
1873-02-01,   -0.319
1873-03-01,   -0.404
1873-04-01,   -0.272
1873-05-01,   -0.411
1873-06-01,   -0.587
1873-07-01,   -0.689
1873-08-01,   -0.800
1873-09-01,   -0.694
1873-10-01,   -0.479
1873-11-01,   -0.353
1873-12-01,   -0.303
1874-01-01,   -0.381
1874-02-01,   -0.388
1874-03-01,   -0.586
1874-04-01,   -0.754
1874-05-01,   -0.441
1874-06-01,   -0.465
1874-07-01,   -0.338
1874-08-01,   -0.345
1874-09-01,   -0.814
1874-10-01,   -1.158
1874-11-01,   -0.603
1874-12-01,   -0.790
1875-01-01,   -0.450
1875-02-01,   -0.186
1875-03-01,   -0.098
1875-04-01,    0.029
1875-05-01,   -0.134
1875-06-01,   -0.094
1875-07-01,   -0.511
1875-08-01,   -0.248
1875-09-01,   -0.397
1875-10-01,   -0.658
1875-11-01,   -0.891
1875-12-01,   -0.460
1876-01-01,   -0.361
1876-02-01,   -0.504
1876-03-01,   -0.402
1876-04-01,   -0.476
1876-05-01,   -0.471
1876-06-01,   -0.424
1876-07-01,   -0.391
1876-08-01,   -0.267
1876-09-01,   -0.079
1876-10-01,   -0.213
1876-11-01,   -0.358
1876-12-01,   -0.297
1877-01-01,   -0.311
1877-02-01,    0.367
1877-03-01,    0.130
1877-04-01,   -0.280
1877-05-01,   -0.684
1877-06-01,   -0.490
1877-07-01,   -0.588
1877-08-01,    0.214
1877-09-01,    0.520
1877-10-01,    0.417
1877-11-01,    0.558
1877-12-01,    0.154
1878-01-01,   -0.261
1878-02-01,   -0.398
1878-03-01,   -0.016
1878-04-01,   -0.085
1878-05-01,   -0.355
1878-06-01,   -0.311
1878-07-01,   -0.383
1878-08-01,   -0.272
1878-09-01,   -0.208
1878-10-01,   -0.674
1878-11-01,   -0.461
1878-12-01,   -0.470
1879-01-01,   -0.429
1879-02-01,   -0.417
1879-03-01,   -0.453
1879-04-01,   -0.541
1879-05-01,   -0.513
1879-06-01,   -0.274
1879-07-01,   -0.374
1879-08-01,   -0.640
1879-09-01,   -0.591
1879-10-01,   -0.789
1879-11-01,   -0.761
1879-12-01,   -0.606
1880-01-01,   -0.463
1880-02-01,   -0.262
1880-03-01,   -0.327
1880-04-01,    0.002
1880-05-01,   -0.140
1880-06-01,   -0.299
1880-07-01,   -0.528
1880-08-01,   -0.586
1880-09-01,   -0.574
1880-10-01,   -0.755
1880-11-01,   -0.553
1880-12-01,   -0.348
1881-01-01,   -0.174
1881-02-01,   -0.507
1881-03-01,   -0.349
1881-04-01,   -0.450
1881-05-01,   -0.140
1881-06-01,    0.180
1881-07-01,   -0.116
1881-08-01,   -0.077
1881-09-01,   -0.299
1881-10-01,   -0.462
1881-11-01,   -0.376
1881-12-01,   -0.496
1882-01-01,   -0.557
1882-02-01,   -0.680
1882-03-01,   -0.149
1882-04-01,   -0.134
1882-05-01,   -0.068
1882-06-01,   -0.071
1882-07-01,   -0.233
1882-08-01,   -0.497
1882-09-01,   -0.652
1882-10-01,   -0.510
1882-11-01,   -0.377
1882-12-01,   -0.431
1883-01-01,   -0.705
1883-02-01,   -0.207
1883-03-01,   -0.303
1883-04-01,   -0.126
1883-05-01,   -0.190
1883-06-01,   -0.084
1883-07-01,   -0.288
1883-08-01,   -0.124
1883-09-01,   -0.502
1883-10-01,   -0.348
1883-11-01,   -0.360
1883-12-01,   -0.325
1884-01-01,   -0.408
1884-02-01,   -0.183
1884-03-01,   -0.312
1884-04-01,    0.075
1884-05-01,    0.249
1884-06-01,   -0.203
1884-07-01,   -0.003
1884-08-01,   -0.306
1884-09-01,   -0.471
1884-10-01,   -0.368
1884-11-01,   -0.474
1884-12-01,   -0.417
1885-01-01,   -0.463
1885-02-01,   -0.090
1885-03-01,   -0.169
1885-04-01,   -0.198
1885-05-01,   -0.199
1885-06-01,   -0.130
1885-07-01,   -0.218
1885-08-01,   -0.230
1885-09-01,   -0.351
1885-10-01,   -0.218
1885-11-01,   -0.475
1885-12-01,   -0.385
1886-01-01,   -0.614
1886-02-01,   -0.766
1886-03-01,   -0.455
1886-04-01,   -0.282
1886-05-01,   -0.445
1886-06-01,   -0.347
1886-07-01,   -0.725
1886-08-01,   -0.918
1886-09-01,   -0.988
1886-10-01,   -0.897
1886-11-01,   -0.684
1886-12-01,   -0.560
1887-01-01,   -0.459
1887-02-01,   -0.389
1887-03-01,   -0.282
1887-04-01,   -0.258
1887-05-01,   -0.291
1887-06-01,   -0.171
1887-07-01,   -0.232
1887-08-01,   -0.009
1887-09-01,   -0.285
1887-10-01,   -0.517
1887-11-01,   -0.289
1887-12-01,   -0.295
1888-01-01,   -0.340
1888-02-01,   -0.603
1888-03-01,   -0.733
1888-04-01,   -0.862
1888-05-01,   -0.504
1888-06-01,   -0.424
1888-07-01,   -0.449
1888-08-01,   -0.370
1888-09-01,   -0.526
1888-10-01,   -0.436
1888-11-01,   -0.553
1888-12-01,   -0.452
1889-01-01,   -0.663
1889-02-01,   -0.246
1889-03-01,   -0.653
1889-04-01,   -0.818
1889-05-01,   -0.664
1889-06-01,   -0.562
1889-07-01,   -0.516
1889-08-01,   -0.664
1889-09-01,   -0.912
1889-10-01,   -1.139
1889-11-01,   -0.870
1889-12-01,   -0.410
1890-01-01,   -0.105
1890-02-01,   -0.066
1890-03-01,   -0.198
1890-04-01,   -0.202
1890-05-01,   -0.336
1890-06-01,   -0.769
1890-07-01,   -0.917
1890-08-01,   -0.706
1890-09-01,   -1.091
1890-10-01,   -1.167
1890-11-01,   -0.906
1890-12-01,   -0.583
1891-01-01,   -0.319
1891-02-01,   -0.573
1891-03-01,   -0.612
1891-04-01,   -0.286
1891-05-01,   -0.325
1891-06-01,   -0.100
1891-07-01,   -0.302
1891-08-01,   -0.006
1891-09-01,   -0.068
1891-10-01,   -0.117
1891-11-01,   -0.130
1891-12-01,    0.068
1892-01-01,   -0.233
1892-02-01,   -0.323
1892-03-01,   -0.208
1892-04-01,   -0.318
1892-05-01,   -0.286
1892-06-01,   -0.486
1892-07-01,   -0.659
1892-08-01,   -1.041
1892-09-01,   -1.181
1892-10-01,   -0.815
1892-11-01,   -0.454
1892-12-01,   -0.496
1893-01-01,   -0.446
1893-02-01,   -0.469
1893-03-01,   -0.413
1893-04-01,   -0.583
1893-05-01,   -0.523
1893-06-01,   -0.527
1893-07-01,   -0.549
1893-08-01,   -0.757
1893-09-01,   -0.692
1893-10-01,   -0.796
1893-11-01,   -0.518
1893-12-01,   -0.364
1894-01-01,   -0.077
1894-02-01,   -0.261
1894-03-01,   -0.263
1894-04-01,   -0.316
1894-05-01,   -0.213
1894-06-01,   -0.095
1894-07-01,   -0.179
1894-08-01,    0.125
1894-09-01,   -0.329
1894-10-01,   -0.326
1894-11-01,   -0.276
1894-12-01,   -0.251
1895-01-01,   -0.183
1895-02-01,   -0.057
1895-03-01,   -0.108
1895-04-01,   -0.177
1895-05-01,   -0.157
1895-06-01,   -0.105
1895-07-01,   -0.411
1895-08-01,   -0.071
1895-09-01,   -0.306
1895-10-01,   -0.155
1895-11-01,   -0.481
1895-12-01,   -0.372
1896-01-01,   -0.386
1896-02-01,   -0.587
1896-03-01,   -0.562
1896-04-01,   -0.293
1896-05-01,   -0.217
1896-06-01,   -0.156
1896-07-01,   -0.100
1896-08-01,   -0.132
1896-09-01,   -0.012
1896-10-01,    0.302
1896-11-01,    0.040
1896-12-01,    0.097
1897-01-01,   -0.184
1897-02-01,   -0.314
1897-03-01,   -0.284
1897-04-01,   -0.177
1897-05-01,   -0.184
1897-06-01,   -0.252
1897-07-01,   -0.245
1897-08-01,   -0.221
1897-09-01,   -0.560
1897-10-01,   -1.125
1897-11-01,   -0.904
1897-12-01,   -0.744
1898-01-01,   -0.549
1898-02-01,   -0.445
1898-03-01,   -0.331
1898-04-01,   -0.378
1898-05-01,   -0.494
1898-06-01,   -0.432
1898-07-01,   -0.823
1898-08-01,   -0.819
1898-09-01,   -0.889
1898-10-01,   -0.916
1898-11-01,   -0.661
1898-12-01,   -0.473
1899-01-01,   -0.419
1899-02-01,   -0.293
1899-03-01,   -0.176
1899-04-01,   -0.129
1899-05-01,   -0.091
1899-06-01,   -0.375
1899-07-01,   -0.573
1899-08-01,   -0.452
1899-09-01,   -0.934
1899-10-01,   -0.428
1899-11-01,   -0.438
1899-12-01,   -0.743
1900-01-01,   -0.469
1900-02-01,   -0.293
1900-03-01,   -0.464
1900-04-01,   -0.319
1900-05-01,   -0.159
1900-06-01,   -0.042
1900-07-01,   -0.319
1900-08-01,   -0.490
1900-09-01,   -0.538
1900-10-01,   -0.429
1900-11-01,   -0.196
1900-12-01,   -0.633
1901-01-01,   -0.540
1901-02-01,   -0.868
1901-03-01,   -0.720
1901-04-01,   -0.514
1901-05-01,   -0.553
1901-06-01,   -0.618
1901-07-01,   -0.713
1901-08-01,   -0.825
1901-09-01,   -1.029
1901-10-01,   -0.774
1901-11-01,   -0.741
1901-12-01,   -0.681
1902-01-01,   -0.473
1902-02-01,   -0.453
1902-03-01,   -0.251
1902-04-01,    0.051
1902-05-01,   -0.042
1902-06-01,   -0.090
1902-07-01,   -0.070
1902-08-01,    0.333
1902-09-01,    0.209
1902-10-01,   -0.238
1902-11-01,   -0.047
1902-12-01,   -0.266
1903-01-01,   -0.479
1903-02-01,   -0.571
1903-03-01,   -0.364
1903-04-01,   -0.628
1903-05-01,   -0.267
1903-06-01,   -0.335
1903-07-01,   -0.614
1903-08-01,   -0.452
1903-09-01,   -0.690
1903-10-01,   -1.036
1903-11-01,   -0.628
1903-12-01,   -0.441
1904-01-01,   -0.219
1904-02-01,   -0.234
1904-03-01,   -0.219
1904-04-01,   -0.029
1904-05-01,   -0.258
1904-06-01,   -0.286
1904-07-01,   -0.287
1904-08-01,   -0.413
1904-09-01,   -0.678
1904-10-01,   -0.237
1904-11-01,   -0.353
1904-12-01,   -0.644
1905-01-01,   -0.601
1905-02-01,   -0.372
1905-03-01,   -0.472
1905-04-01,   -0.468
1905-05-01,   -0.205
1905-06-01,   -0.447
1905-07-01,   -0.275
1905-08-01,   -0.220
1905-09-01,    0.024
1905-10-01,   -0.462
1905-11-01,   -0.436
1905-12-01,   -0.560
1906-01-01,   -0.605
1906-02-01,   -0.485
1906-03-01,   -0.510
1906-04-01,   -0.788
1906-05-01,   -0.425
1906-06-01,   -0.390
1906-07-01,   -0.986
1906-08-01,   -1.085
1906-09-01,   -1.634
1906-10-01,   -1.012
1906-11-01,   -0.794
1906-12-01,   -0.349
1907-01-01,   -0.370
1907-02-01,   -0.185
1907-03-01,   -0.051
1907-04-01,   -0.367
1907-05-01,   -0.308
1907-06-01,   -0.345
1907-07-01,   -0.602
1907-08-01,   -0.933
1907-09-01,   -0.526
1907-10-01,   -0.403
1907-11-01,   -0.388
1907-12-01,   -0.221
1908-01-01,   -0.392
1908-02-01,   -0.350
1908-03-01,   -0.251
1908-04-01,   -0.789
1908-05-01,   -0.229
1908-06-01,    0.041
1908-07-01,   -0.598
1908-08-01,   -0.460
1908-09-01,   -0.318
1908-10-01,   -0.468
1908-11-01,   -0.508
1908-12-01,   -0.582
1909-01-01,   -0.732
1909-02-01,   -0.501
1909-03-01,   -0.559
1909-04-01,   -0.444
1909-05-01,   -0.802
1909-06-01,   -0.917
1909-07-01,   -1.032
1909-08-01,   -0.986
1909-09-01,   -0.919
1909-10-01,   -0.729
1909-11-01,   -0.424
1909-12-01,   -0.256
1910-01-01,   -0.551
1910-02-01,   -0.169
1910-03-01,   -0.489
1910-04-01,   -0.394
1910-05-01,   -0.531
1910-06-01,   -0.460
1910-07-01,   -1.036
1910-08-01,   -0.821
1910-09-01,   -1.022
1910-10-01,   -1.053
1910-11-01,   -0.682
1910-12-01,   -0.296
1911-01-01,   -0.194
1911-02-01,   -0.486
1911-03-01,   -0.735
1911-04-01,   -0.744
1911-05-01,   -0.436
1911-06-01,   -0.814
1911-07-01,   -0.774
1911-08-01,   -0.586
1911-09-01,   -0.544
1911-10-01,   -0.669
1911-11-01,   -0.229
1911-12-01,   -0.153
1912-01-01,   -0.252
1912-02-01,   -0.302
1912-03-01,   -0.052
1912-04-01,   -0.257
1912-05-01,   -0.061
1912-06-01,   -0.003
1912-07-01,   -0.672
1912-08-01,   -0.767
1912-09-01,   -0.725
1912-10-01,   -0.609
1912-11-01,   -0.734
1912-12-01,   -0.502
1913-01-01,   -0.237
1913-02-01,   -0.136
1913-03-01,   -0.135
1913-04-01,   -0.266
1913-05-01,   -0.187
1913-06-01,    0.101
1913-07-01,   -0.338
1913-08-01,   -0.482
1913-09-01,   -0.468
1913-10-01,   -0.135
1913-11-01,   -0.240
1913-12-01,   -0.248
1914-01-01,   -0.288
1914-02-01,   -0.172
1914-03-01,   -0.353
1914-04-01,   -0.238
1914-05-01,   -0.106
1914-06-01,    0.554
1914-07-01,    0.102
1914-08-01,   -0.024
1914-09-01,   -0.066
1914-10-01,   -0.057
1914-11-01,   -0.558
1914-12-01,   -0.712
1915-01-01,   -0.630
1915-02-01,   -0.688
1915-03-01,   -0.403
1915-04-01,   -0.280
1915-05-01,   -0.495
1915-06-01,   -0.202
1915-07-01,   -0.704
1915-08-01,   -0.440
1915-09-01,   -0.377
1915-10-01,   -0.316
1915-11-01,   -0.227
1915-12-01,   -0.026
1916-01-01,   -0.130
1916-02-01,   -0.030
1916-03-01,    0.058
1916-04-01,    0.138
1916-05-01,   -0.156
1916-06-01,   -0.398
1916-07-01,   -0.686
1916-08-01,   -0.852
1916-09-01,   -1.268
1916-10-01,   -0.970
1916-11-01,   -0.706
1916-12-01,   -0.280
1917-01-01,   -0.030
1917-02-01,   -0.046
1917-03-01,   -0.092
1917-04-01,   -0.236
1917-05-01,   -0.408
1917-06-01,   -0.341
1917-07-01,   -0.591
1917-08-01,   -0.435
1917-09-01,   -0.872
1917-10-01,   -1.064
1917-11-01,   -0.897
1917-12-01,   -0.670
1918-01-01,    0.013
1918-02-01,    0.135
1918-03-01,    0.107
1918-04-01,   -0.294
1918-05-01,   -0.421
1918-06-01,   -0.203
1918-07-01,   -0.129
1918-08-01,   -0.078
1918-09-01,   -0.000
1918-10-01,    0.152
1918-11-01,    0.195
1918-12-01,    0.057
1919-01-01,   -0.027
1919-02-01,   -0.117
1919-03-01,   -0.270
1919-04-01,   -0.407
1919-05-01,   -0.399
1919-06-01,   -0.356
1919-07-01,   -0.176
1919-08-01,   -0.319
1919-09-01,   -0.220
1919-10-01,   -0.349
1919-11-01,   -0.262
1919-12-01,   -0.406
1920-01-01,    0.017
1920-02-01,    0.055
1920-03-01,    0.139
1920-04-01,    0.058
1920-05-01,    0.270
1920-06-01,   -0.058
1920-07-01,   -0.590
1920-08-01,   -0.601
1920-09-01,   -0.609
1920-10-01,   -0.446
1920-11-01,   -0.577
1920-12-01,   -0.388
1921-01-01,   -0.296
1921-02-01,   -0.165
1921-03-01,   -0.081
1921-04-01,   -0.189
1921-05-01,   -0.041
1921-06-01,   -0.214
1921-07-01,   -0.441
1921-08-01,   -0.932
1921-09-01,   -0.548
1921-10-01,   -0.474
1921-11-01,   -0.484
1921-12-01,   -0.382
1922-01-01,   -0.382
1922-02-01,   -0.196
1922-03-01,    0.079
1922-04-01,   -0.390
1922-05-01,   -0.376
1922-06-01,   -0.068
1922-07-01,   -0.548
1922-08-01,   -0.415
1922-09-01,   -0.511
1922-10-01,   -0.529
1922-11-01,   -0.547
1922-12-01,   -0.304
1923-01-01,   -0.204
1923-02-01,   -0.413
1923-03-01,   -0.282
1923-04-01,   -0.239
1923-05-01,   -0.311
1923-06-01,   -0.102
1923-07-01,   -0.403
1923-08-01,   -0.001
1923-09-01,    0.241
1923-10-01,    0.276
1923-11-01,    0.448
1923-12-01,   -0.202
1924-01-01,   -0.434
1924-02-01,   -0.597
1924-03-01,   -0.428
1924-04-01,   -0.267
1924-05-01,   -0.415
1924-06-01,   -0.447
1924-07-01,   -0.395
1924-08-01,   -0.418
1924-09-01,   -0.652
1924-10-01,   -0.209
1924-11-01,   -0.409
1924-12-01,   -0.365
1925-01-01,   -0.317
1925-02-01,   -0.028
1925-03-01,   -0.008
1925-04-01,    0.482
1925-05-01,   -0.043
1925-06-01,    0.081
1925-07-01,   -0.167
1925-08-01,   -0.040
1925-09-01,    0.389
1925-10-01,    0.103
1925-11-01,    0.118
1925-12-01,   -0.152
1926-01-01,   -0.004
1926-02-01,   -0.359
1926-03-01,   -0.041
1926-04-01,   -0.247
1926-05-01,   -0.085
1926-06-01,    0.147
1926-07-01,   -0.231
1926-08-01,   -0.006
1926-09-01,   -0.405
1926-10-01,   -0.115
1926-11-01,   -0.490
1926-12-01,   -0.422
1927-01-01,   -0.201
1927-02-01,    0.042
1927-03-01,   -0.202
1927-04-01,   -0.398
1927-05-01,   -0.256
1927-06-01,   -0.168
1927-07-01,   -0.575
1927-08-01,   -0.611
1927-09-01,   -0.664
1927-10-01,   -0.602
1927-11-01,   -0.287
1927-12-01,   -0.378
1928-01-01,   -0.377
1928-02-01,   -0.360
1928-03-01,   -0.277
1928-04-01,   -0.313
1928-05-01,   -0.268
1928-06-01,   -0.465
1928-07-01,   -0.640
1928-08-01,   -0.891
1928-09-01,   -0.870
1928-10-01,   -0.733
1928-11-01,   -0.206
1928-12-01,   -0.372
1929-01-01,   -0.284
1929-02-01,   -0.362
1929-03-01,   -0.238
1929-04-01,   -0.222
1929-05-01,   -0.361
1929-06-01,   -0.246
1929-07-01,   -0.388
1929-08-01,   -0.487
1929-09-01,   -0.305
1929-10-01,   -0.356
1929-11-01,   -0.281
1929-12-01,   -0.024
1930-01-01,   -0.423
1930-02-01,   -0.513
1930-03-01,   -0.320
1930-04-01,   -0.245
1930-05-01,   -0.445
1930-06-01,   -0.138
1930-07-01,   -0.405
1930-08-01,   -0.330
1930-09-01,   -0.802
1930-10-01,   -0.417
1930-11-01,    0.112
1930-12-01,   -0.114
1931-01-01,   -0.057
1931-02-01,   -0.334
1931-03-01,   -0.548
1931-04-01,   -0.525
1931-05-01,   -0.258
1931-06-01,   -0.280
1931-07-01,   -0.413
1931-08-01,   -0.502
1931-09-01,   -1.010
1931-10-01,   -0.597
1931-11-01,   -0.184
1931-12-01,   -0.812
1932-01-01,   -0.426
1932-02-01,   -0.580
1932-03-01,   -0.438
1932-04-01,   -0.125
1932-05-01,   -0.378
1932-06-01,   -0.396
1932-07-01,   -0.245
1932-08-01,   -0.489
1932-09-01,   -0.403
1932-10-01,   -0.729
1932-11-01,   -0.314
1932-12-01,   -0.033
1933-01-01,   -0.189
1933-02-01,   -0.092
1933-03-01,    0.039
1933-04-01,    0.178
1933-05-01,   -0.344
1933-06-01,   -0.307
1933-07-01,   -0.469
1933-08-01,   -0.631
1933-09-01,   -1.567
1933-10-01,   -0.985
1933-11-01,   -0.604
1933-12-01,   -0.472
1934-01-01,   -0.611
1934-02-01,   -0.251
1934-03-01,   -0.166
1934-04-01,   -0.134
1934-05-01,   -0.200
1934-06-01,   -0.016
1934-07-01,   -0.325
1934-08-01,   -0.012
1934-09-01,   -0.497
1934-10-01,   -0.322
1934-11-01,   -0.155
1934-12-01,   -0.159
1935-01-01,    0.007
1935-02-01,   -0.055
1935-03-01,    0.119
1935-04-01,   -0.216
1935-05-01,    0.063
1935-06-01,    0.091
1935-07-01,    0.052
1935-08-01,   -0.024
1935-09-01,   -0.247
1935-10-01,   -0.304
1935-11-01,    0.119
1935-12-01,    0.022
1936-01-01,    0.086
1936-02-01,   -0.389
1936-03-01,   -0.211
1936-04-01,   -0.069
1936-05-01,   -0.192
1936-06-01,    0.064
1936-07-01,   -0.073
1936-08-01,   -0.438
1936-09-01,   -0.446
1936-10-01,   -0.691
1936-11-01,   -0.063
1936-12-01,   -0.318
1937-01-01,   -0.113
1937-02-01,   -0.231
1937-03-01,   -0.256
1937-04-01,   -0.402
1937-05-01,    0.042
1937-06-01,   -0.297
1937-07-01,   -0.546
1937-08-01,   -0.252
1937-09-01,   -0.091
1937-10-01,   -0.304
1937-11-01,   -0.115
1937-12-01,   -0.138
1938-01-01,   -0.084
1938-02-01,   -0.217
1938-03-01,    0.009
1938-04-01,   -0.345
1938-05-01,    0.016
1938-06-01,   -0.408
1938-07-01,   -0.621
1938-08-01,   -0.150
1938-09-01,   -0.458
1938-10-01,   -0.611
1938-11-01,   -0.712
1938-12-01,   -0.541
1939-01-01,   -0.125
1939-02-01,    0.209
1939-03-01,    0.021
1939-04-01,   -0.266
1939-05-01,   -0.337
1939-06-01,   -0.178
1939-07-01,   -0.405
1939-08-01,   -0.460
1939-09-01,   -0.285
1939-10-01,   -0.190
1939-11-01,   -0.319
1939-12-01,   -0.106
1940-01-01,    0.080
1940-02-01,   -0.224
1940-03-01,   -0.477
1940-04-01,   -0.492
1940-05-01,   -0.459
1940-06-01,   -0.028
1940-07-01,   -0.364
1940-08-01,   -0.253
1940-09-01,   -0.390
1940-10-01,   -0.472
1940-11-01,   -0.341
1940-12-01,   -0.315
1941-01-01,   -0.362
1941-02-01,   -0.619
1941-03-01,   -0.261
1941-04-01,   -0.277
1941-05-01,   -0.269
1941-06-01,   -0.376
1941-07-01,   -0.429
1941-08-01,   -0.419
1941-09-01,   -0.333
1941-10-01,   -0.189
1941-11-01,    0.274
1941-12-01,   -0.182
1942-01-01,   -0.194
1942-02-01,   -0.298
1942-03-01,   -0.250
1942-04-01,   -0.410
1942-05-01,   -0.599
1942-06-01,   -0.944
1942-07-01,   -0.697
1942-08-01,   -1.100
1942-09-01,   -0.946
1942-10-01,   -0.588
1942-11-01,   -0.598
1942-12-01,   -0.559
1943-01-01,   -0.490
1943-02-01,   -0.248
1943-03-01,   -0.305
1943-04-01,   -0.225
1943-05-01,   -0.188
1943-06-01,    0.151
1943-07-01,    0.095
1943-08-01,    0.035
1943-09-01,   -0.648
1943-10-01,   -0.536
1943-11-01,   -0.388
1943-12-01,   -0.386
1944-01-01,   -0.154
1944-02-01,    0.247
1944-03-01,   -0.177
1944-04-01,   -0.241
1944-05-01,    0.283
1944-06-01,   -0.114
1944-07-01,    0.053
1944-08-01,    0.051
1944-09-01,    0.001
1944-10-01,   -0.600
1944-11-01,   -0.249
1944-12-01,    0.179
1945-01-01,   -0.140
1945-02-01,    0.090
1945-03-01,    0.205
1945-04-01,   -0.330
1945-05-01,   -0.572
1945-06-01,   -0.563
1945-07-01,   -0.524
1945-08-01,   -0.656
1945-09-01,   -0.594
1945-10-01,   -0.513
1945-11-01,   -0.324
1945-12-01,   -0.328
1946-01-01,    0.068
1946-02-01,   -0.014
1946-03-01,   -0.226
1946-04-01,   -0.557
1946-05-01,    0.297
1946-06-01,   -0.330
1946-07-01,   -0.159
1946-08-01,    0.165
1946-09-01,   -0.072
1946-10-01,   -0.178
1946-11-01,   -0.026
1946-12-01,   -0.250
1947-01-01,   -0.288
1947-02-01,    0.029
1947-03-01,    0.000
1947-04-01,   -0.186
1947-05-01,    0.104
1947-06-01,   -0.066
1947-07-01,   -0.633
1947-08-01,   -0.659
1947-09-01,   -0.970
1947-10-01,   -0.824
1947-11-01,   -0.319
1947-12-01,   -0.265
1948-01-01,   -0.298
1948-02-01,   -0.155
1948-03-01,    0.024
1948-04-01,   -0.103
1948-05-01,   -0.085
1948-06-01,    0.059
1948-07-01,   -0.268
1948-08-01,   -0.462
1948-09-01,   -0.648
1948-10-01,   -0.292
1948-11-01,   -0.379
1948-12-01,   -0.506
1949-01-01,    0.027
1949-02-01,    0.177
1949-03-01,   -0.121
1949-04-01,    0.165
1949-05-01,   -0.091
1949-06-01,   -0.009
1949-07-01,   -0.009
1949-08-01,    0.011
1949-09-01,   -0.090
1949-10-01,   -0.124
1949-11-01,   -0.396
1949-12-01,   -0.331
1950-01-01,   -0.044
1950-02-01,   -0.554
1950-03-01,   -0.692
1950-04-01,   -0.475
1950-05-01,   -0.309
1950-06-01,   -0.494
1950-07-01,   -0.348
1950-08-01,   -0.220
1950-09-01,   -0.631
1950-10-01,   -0.590
1950-11-01,   -0.227
1950-12-01,   -0.027
1951-01-01,    0.256
1951-02-01,    0.211
1951-03-01,    0.259
1951-04-01,   -0.513
1951-05-01,   -0.138
1951-06-01,   -0.190
1951-07-01,   -0.220
1951-08-01,    0.124
1951-09-01,   -0.005
1951-10-01,   -0.168
1951-11-01,    0.123
1951-12-01,   -0.073
1952-01-01,   -0.069
1952-02-01,    0.080
1952-03-01,    0.126
1952-04-01,    0.073
1952-05-01,   -0.148
1952-06-01,    0.020
1952-07-01,   -0.430
1952-08-01,   -0.463
1952-09-01,   -0.607
1952-10-01,   -0.546
1952-11-01,   -0.171
1952-12-01,   -0.030
1953-01-01,    0.304
1953-02-01,    0.285
1953-03-01,    0.188
1953-04-01,   -0.054
1953-05-01,    0.316
1953-06-01,   -0.113
1953-07-01,   -0.178
1953-08-01,   -0.231
1953-09-01,   -0.240
1953-10-01,   -0.312
1953-11-01,   -0.136
1953-12-01,   -0.119
1954-01-01,   -0.339
1954-02-01,   -0.271
1954-03-01,   -0.162
1954-04-01,   -0.009
1954-05-01,   -0.550
1954-06-01,   -0.504
1954-07-01,   -0.855
1954-08-01,   -0.631
1954-09-01,   -0.718
1954-10-01,   -0.836
1954-11-01,   -0.450
1954-12-01,   -0.053
1955-01-01,   -0.049
1955-02-01,   -0.153
1955-03-01,    0.019
1955-04-01,   -0.044
1955-05-01,   -0.695
1955-06-01,   -0.387
1955-07-01,   -0.439
1955-08-01,   -0.430
1955-09-01,   -0.738
1955-10-01,   -0.730
1955-11-01,   -0.269
1955-12-01,   -0.300
1956-01-01,   -0.101
1956-02-01,   -0.021
1956-03-01,   -0.001
1956-04-01,   -0.300
1956-05-01,   -0.570
1956-06-01,   -0.826
1956-07-01,   -1.083
1956-08-01,   -0.772
1956-09-01,   -0.803
1956-10-01,   -0.672
1956-11-01,   -0.516
1956-12-01,   -0.151
1957-01-01,   -0.437
1957-02-01,   -0.564
1957-03-01,   -0.197
1957-04-01,   -0.300
1957-05-01,   -0.326
1957-06-01,   -0.465
1957-07-01,   -0.488
1957-08-01,   -0.266
1957-09-01,   -0.383
1957-10-01,   -0.523
1957-11-01,   -0.482
1957-12-01,   -0.250
1958-01-01,   -0.396
1958-02-01,   -0.234
1958-03-01,   -0.374
1958-04-01,   -0.348
1958-05-01,   -0.496
1958-06-01,   -0.854
1958-07-01,   -1.063
1958-08-01,   -1.260
1958-09-01,   -1.303
1958-10-01,   -0.966
1958-11-01,   -0.674
1958-12-01,   -0.639
1959-01-01,   -0.027
1959-02-01,   -0.531
1959-03-01,   -0.524
1959-04-01,   -0.357
1959-05-01,   -0.742
1959-06-01,   -0.745
1959-07-01,   -0.667
1959-08-01,   -0.913
1959-09-01,   -0.839
1959-10-01,   -0.586
1959-11-01,   -0.574
1959-12-01,   -0.357
1960-01-01,   -0.236
1960-02-01,   -0.043
1960-03-01,   -0.433
1960-04-01,   -0.745
1960-05-01,   -0.738
1960-06-01,   -0.681
1960-07-01,   -0.734
1960-08-01,   -0.584
1960-09-01,   -0.582
1960-10-01,   -0.906
1960-11-01,   -0.811
1960-12-01,   -0.641
1961-01-01,   -0.144
1961-02-01,   -0.080
1961-03-01,   -0.122
1961-04-01,   -0.612
1961-05-01,   -0.438
1961-06-01,   -0.006
1961-07-01,    0.630
1961-08-01,    0.776
1961-09-01,    0.554
1961-10-01,    0.457
1961-11-01,    0.323
1961-12-01,    0.311
1962-01-01,    0.512
1962-02-01,    0.544
1962-03-01,    0.356
1962-04-01,   -0.019
1962-05-01,   -0.385
1962-06-01,   -0.458
1962-07-01,   -0.468
1962-08-01,   -0.303
1962-09-01,   -0.186
1962-10-01,   -0.327
1962-11-01,   -0.213
1962-12-01,   -0.071
1963-01-01,    0.329
1963-02-01,    0.395
1963-03-01,    0.201
1963-04-01,   -0.061
1963-05-01,   -0.324
1963-06-01,   -0.248
1963-07-01,    0.212
1963-08-01,    0.473
1963-09-01,    0.081
1963-10-01,    0.432
1963-11-01,    0.319
1963-12-01,   -0.059
1964-01-01,   -0.461
1964-02-01,   -0.692
1964-03-01,   -0.312
1964-04-01,   -0.224
1964-05-01,   -0.520
1964-06-01,   -0.344
1964-07-01,   -0.829
1964-08-01,   -0.683
1964-09-01,   -0.981
1964-10-01,   -1.027
1964-11-01,   -0.284
1964-12-01,   -0.182
1965-01-01,   -0.331
1965-02-01,   -0.447
1965-03-01,   -0.186
1965-04-01,   -0.285
1965-05-01,   -0.540
1965-06-01,   -0.487
1965-07-01,   -0.473
1965-08-01,   -0.247
1965-09-01,   -0.197
1965-10-01,    0.017
1965-11-01,   -0.225
1965-12-01,   -0.290
1966-01-01,   -0.232
1966-02-01,   -0.163
1966-03-01,   -0.341
1966-04-01,   -0.435
1966-05-01,   -0.423
1966-06-01,   -0.119
1966-07-01,   -0.004
1966-08-01,    0.129
1966-09-01,    0.102
1966-10-01,   -0.304
1966-11-01,   -0.361
1966-12-01,   -0.236
1967-01-01,   -0.236
1967-02-01,   -0.073
1967-03-01,    0.248
1967-04-01,   -0.263
1967-05-01,   -0.165
1967-06-01,    0.044
1967-07-01,    0.140
1967-08-01,    0.130
1967-09-01,    0.145
1967-10-01,    0.159
1967-11-01,    0.023
1967-12-01,    0.054
1968-01-01,    0.213
1968-02-01,    0.334
1968-03-01,    0.154
1968-04-01,    0.073
1968-05-01,   -0.123
1968-06-01,    0.091
1968-07-01,   -0.521
1968-08-01,   -0.455
1968-09-01,   -0.734
1968-10-01,   -0.531
1968-11-01,   -0.454
1968-12-01,   -0.213
1969-01-01,   -0.162
1969-02-01,   -0.164
1969-03-01,    0.060
1969-04-01,   -0.051
1969-05-01,   -0.166
1969-06-01,   -0.626
1969-07-01,   -0.407
1969-08-01,   -0.350
1969-09-01,   -0.248
1969-10-01,   -0.200
1969-11-01,   -0.004
1969-12-01,   -0.085
1970-01-01,    0.297
1970-02-01,    0.326
1970-03-01,    0.068
1970-04-01,    0.219
1970-05-01,    0.182
1970-06-01,   -0.385
1970-07-01,   -0.570
1970-08-01,   -0.351
1970-09-01,   -0.600
1970-10-01,   -0.638
1970-11-01,   -0.307
1970-12-01,   -0.235
1971-01-01,    0.198
1971-02-01,    0.013
1971-03-01,    0.208
1971-04-01,    0.240
1971-05-01,   -0.074
1971-06-01,   -0.236
1971-07-01,   -0.354
1971-08-01,   -0.547
1971-09-01,   -0.746
1971-10-01,   -0.629
1971-11-01,    0.017
1971-12-01,    0.215
1972-01-01,    0.143
1972-02-01,   -0.216
1972-03-01,    0.031
1972-04-01,    0.131
1972-05-01,    0.157
1972-06-01,    0.739
1972-07-01,    0.708
1972-08-01,    0.511
1972-09-01,    0.363
1972-10-01,    0.327
1972-11-01,    0.671
1972-12-01,    0.477
1973-01-01,    0.043
1973-02-01,   -0.077
1973-03-01,   -0.001
1973-04-01,   -0.117
1973-05-01,    0.085
1973-06-01,   -0.225
1973-07-01,   -0.495
1973-08-01,   -0.607
1973-09-01,   -0.773
1973-10-01,   -0.449
1973-11-01,   -0.157
1973-12-01,    0.047
1974-01-01,    0.279
1974-02-01,    0.156
1974-03-01,    0.249
1974-04-01,   -0.053
1974-05-01,   -0.239
1974-06-01,   -0.027
1974-07-01,   -0.249
1974-08-01,   -0.497
1974-09-01,   -0.661
1974-10-01,   -0.845
1974-11-01,   -0.551
1974-12-01,   -0.360
1975-01-01,   -0.367
1975-02-01,   -0.249
1975-03-01,   -0.464
1975-04-01,    0.087
1975-05-01,    0.066
1975-06-01,    0.055
1975-07-01,   -0.039
1975-08-01,   -0.344
1975-09-01,   -0.857
1975-10-01,   -1.056
1975-11-01,   -0.328
1975-12-01,   -0.170
1976-01-01,    0.005
1976-02-01,    0.077
1976-03-01,    0.020
1976-04-01,    0.122
1976-05-01,   -0.004
1976-06-01,    0.369
1976-07-01,    0.594
1976-08-01,    0.107
1976-09-01,   -0.208
1976-10-01,   -0.231
1976-11-01,   -0.181
1976-12-01,    0.028
1977-01-01,   -0.003
1977-02-01,   -0.261
1977-03-01,    0.174
1977-04-01,   -0.029
1977-05-01,   -0.341
1977-06-01,   -0.095
1977-07-01,   -0.171
1977-08-01,   -0.260
1977-09-01,   -0.259
1977-10-01,    0.245
1977-11-01,   -0.127
1977-12-01,   -0.020
1978-01-01,   -0.640
1978-02-01,   -0.530
1978-03-01,   -0.582
1978-04-01,   -0.214
1978-05-01,   -0.533
1978-06-01,   -0.174
1978-07-01,   -0.107
1978-08-01,   -0.224
1978-09-01,   -0.261
1978-10-01,   -0.502
1978-11-01,   -0.458
1978-12-01,   -0.260
1979-01-01,    0.317
1979-02-01,   -0.158
1979-03-01,   -0.034
1979-04-01,   -0.207
1979-05-01,   -0.444
1979-06-01,    0.108
1979-07-01,   -0.315
1979-08-01,   -0.226
1979-09-01,   -0.280
1979-10-01,   -0.314
1979-11-01,   -0.251
1979-12-01,   -0.101
1980-01-01,   -0.158
1980-02-01,   -0.200
1980-03-01,   -0.417
1980-04-01,   -0.095
1980-05-01,   -0.066
1980-06-01,   -0.382
1980-07-01,   -0.661
1980-08-01,   -0.822
1980-09-01,   -0.745
1980-10-01,   -0.657
1980-11-01,   -0.417
1980-12-01,   -0.483
1981-01-01,   -0.201
1981-02-01,   -0.024
1981-03-01,    0.027
1981-04-01,    0.092
1981-05-01,   -0.018
1981-06-01,   -0.240
1981-07-01,   -0.560
1981-08-01,   -0.628
1981-09-01,   -0.757
1981-10-01,   -0.606
1981-11-01,   -0.328
1981-12-01,   -0.019
1982-01-01,    0.144
1982-02-01,    0.166
1982-03-01,    0.054
1982-04-01,    0.119
1982-05-01,    0.223
1982-06-01,    0.255
1982-07-01,    0.265
1982-08-01,    0.256
1982-09-01,    0.442
1982-10-01,    0.623
1982-11-01,    0.284
1982-12-01,   -0.162
1983-01-01,   -0.482
1983-02-01,   -0.587
1983-03-01,   -0.752
1983-04-01,   -0.556
1983-05-01,   -0.059
1983-06-01,    0.371
1983-07-01,    0.525
1983-08-01,    0.345
1983-09-01,   -0.069
1983-10-01,   -0.288
1983-11-01,   -0.343
1983-12-01,   -0.101
1984-01-01,   -0.223
1984-02-01,   -0.149
1984-03-01,   -0.122
1984-04-01,    0.050
1984-05-01,   -0.305
1984-06-01,   -0.357
1984-07-01,   -0.366
1984-08-01,   -0.498
1984-09-01,   -0.608
1984-10-01,   -0.654
1984-11-01,   -0.418
1984-12-01,   -0.278
1985-01-01,   -0.466
1985-02-01,   -0.627
1985-03-01,   -0.541
1985-04-01,   -0.200
1985-05-01,   -0.223
1985-06-01,   -0.629
1985-07-01,   -0.403
1985-08-01,   -0.459
1985-09-01,   -0.238
1985-10-01,   -0.498
1985-11-01,    0.074
1985-12-01,   -0.417
1986-01-01,   -0.113
1986-02-01,   -0.135
1986-03-01,   -0.200
1986-04-01,   -0.286
1986-05-01,   -0.154
1986-06-01,   -0.278
1986-07-01,   -0.546
1986-08-01,   -0.401
1986-09-01,   -0.142
1986-10-01,   -0.048
1986-11-01,   -0.244
1986-12-01,   -0.274
1987-01-01,   -0.081
1987-02-01,    0.041
1987-03-01,   -0.137
1987-04-01,   -0.157
1987-05-01,    0.165
1987-06-01,    0.109
1987-07-01,    0.207
1987-08-01,    0.297
1987-09-01,    0.393
1987-10-01,    0.255
1987-11-01,   -0.051
1987-12-01,    0.152
1988-01-01,    0.353
1988-02-01,   -0.154
1988-03-01,   -0.313
1988-04-01,   -0.128
1988-05-01,   -0.513
1988-06-01,   -0.272
1988-07-01,   -0.150
1988-08-01,   -0.289
1988-09-01,   -0.394
1988-10-01,   -0.525
1988-11-01,   -0.183
1988-12-01,    0.156
1989-01-01,   -0.281
1989-02-01,   -0.045
1989-03-01,   -0.319
1989-04-01,   -0.480
1989-05-01,   -0.594
1989-06-01,   -0.780
1989-07-01,   -0.447
1989-08-01,   -0.321
1989-09-01,   -0.225
1989-10-01,   -0.412
1989-11-01,   -0.338
1989-12-01,   -0.167
1990-01-01,   -0.099
1990-02-01,   -0.289
1990-03-01,   -0.143
1990-04-01,   -0.385
1990-05-01,   -0.348
1990-06-01,   -0.568
1990-07-01,   -0.246
1990-08-01,   -0.392
1990-09-01,   -0.183
1990-10-01,   -0.345
1990-11-01,   -0.094
1990-12-01,    0.003
1991-01-01,    0.065
1991-02-01,   -0.097
1991-03-01,   -0.037
1991-04-01,    0.289
1991-05-01,    0.379
1991-06-01,    0.263
1991-07-01,    0.270
1991-08-01,    0.058
1991-09-01,    0.099
1991-10-01,   -0.030
1991-11-01,    0.040
1991-12-01,    0.084
1992-01-01,   -0.321
1992-02-01,   -0.389
1992-03-01,   -0.671
1992-04-01,   -0.553
1992-05-01,   -0.549
1992-06-01,   -0.861
1992-07-01,   -0.479
1992-08-01,   -0.768
1992-09-01,   -0.833
1992-10-01,   -0.627
1992-11-01,   -0.399
1992-12-01,   -0.317
1993-01-01,   -0.196
1993-02-01,    0.035
1993-03-01,   -0.295
1993-04-01,   -0.181
1993-05-01,   -0.027
1993-06-01,   -0.108
1993-07-01,   -0.152
1993-08-01,   -0.305
1993-09-01,   -0.170
1993-10-01,   -0.156
1993-11-01,   -0.149
1993-12-01,   -0.206
1994-01-01,    0.025
1994-02-01,   -0.146
1994-03-01,    0.202
1994-04-01,    0.351
1994-05-01,    0.544
1994-06-01,    0.433
1994-07-01,    0.557
1994-08-01,    0.811
1994-09-01,    0.529
1994-10-01,    0.707
1994-11-01,    0.287
1994-12-01,    0.263
1995-01-01,    0.140
1995-02-01,    0.164
1995-03-01,   -0.050
1995-04-01,   -0.221
1995-05-01,   -0.251
1995-06-01,   -0.078
1995-07-01,   -0.169
1995-08-01,   -0.144
1995-09-01,   -0.180
1995-10-01,   -0.367
1995-11-01,   -0.294
1995-12-01,    0.090
1996-01-01,   -0.021
1996-02-01,   -0.033
1996-03-01,   -0.085
1996-04-01,   -0.369
1996-05-01,   -0.266
1996-06-01,   -0.394
1996-07-01,   -0.643
1996-08-01,   -0.681
1996-09-01,   -0.712
1996-10-01,   -1.108
1996-11-01,   -0.797
1996-12-01,   -0.413
1997-01-01,   -0.110
1997-02-01,    0.079
1997-03-01,    0.043
1997-04-01,    0.054
1997-05-01,    0.025
1997-06-01,    0.082
1997-07-01,    0.447
1997-08-01,    0.634
1997-09-01,    0.771
1997-10-01,    0.873
1997-11-01,    1.279
1997-12-01,    0.863
1998-01-01,    0.525
1998-02-01,    0.422
1998-03-01,   -0.055
1998-04-01,    0.047
1998-05-01,    0.140
1998-06-01,    0.147
1998-07-01,   -0.385
1998-08-01,   -0.580
1998-09-01,   -0.496
1998-10-01,   -0.743
1998-11-01,   -0.653
1998-12-01,   -0.336
1999-01-01,   -0.130
1999-02-01,   -0.038
1999-03-01,    0.102
1999-04-01,   -0.002
1999-05-01,   -0.186
1999-06-01,   -0.145
1999-07-01,    0.112
1999-08-01,    0.023
1999-09-01,   -0.050
1999-10-01,   -0.190
1999-11-01,   -0.116
1999-12-01,   -0.148
2000-01-01,   -0.125
2000-02-01,   -0.009
2000-03-01,    0.140
2000-04-01,    0.141
2000-05-01,    0.113
2000-06-01,   -0.022
2000-07-01,    0.077
2000-08-01,    0.131
2000-09-01,   -0.096
2000-10-01,   -0.142
2000-11-01,   -0.306
2000-12-01,   -0.248
2001-01-01,   -0.431
2001-02-01,   -0.017
2001-03-01,   -0.010
2001-04-01,    0.136
2001-05-01,    0.137
2001-06-01,    0.127
2001-07-01,   -0.140
2001-08-01,   -0.301
2001-09-01,   -0.223
2001-10-01,   -0.451
2001-11-01,   -0.245
2001-12-01,   -0.051
2002-01-01,   -0.142
2002-02-01,   -0.098
2002-03-01,    0.008
2002-04-01,   -0.352
2002-05-01,   -0.329
2002-06-01,   -0.190
2002-07-01,   -0.260
2002-08-01,   -0.208
2002-09-01,    0.286
2002-10-01,    0.405
2002-11-01,    0.096
2002-12-01,   -0.158
2003-01-01,   -0.239
2003-02-01,    0.017
2003-03-01,   -0.039
2003-04-01,   -0.099
2003-05-01,   -0.164
2003-06-01,    0.139
2003-07-01,    0.131
2003-08-01,    0.108
2003-09-01,   -0.061
2003-10-01,   -0.243
2003-11-01,   -0.159
2003-12-01,    0.189
2004-01-01,    0.044
2004-02-01,    0.114
2004-03-01,    0.077
2004-04-01,   -0.080
2004-05-01,   -0.565
2004-06-01,   -0.384
2004-07-01,   -0.301
2004-08-01,   -0.132
2004-09-01,   -0.106
2004-10-01,   -0.004
2004-11-01,   -0.153
2004-12-01,   -0.132
2005-01-01,   -0.124
2005-02-01,   -0.560
2005-03-01,   -0.432
2005-04-01,    0.084
2005-05-01,   -0.033
2005-06-01,   -0.176
2005-07-01,   -0.384
2005-08-01,   -0.345
2005-09-01,   -0.534
2005-10-01,   -0.436
2005-11-01,   -0.272
2005-12-01,   -0.300
2006-01-01,   -0.135
2006-02-01,   -0.305
2006-03-01,   -0.226
2006-04-01,   -0.015
2006-05-01,   -0.207
2006-06-01,   -0.059
2006-07-01,    0.040
2006-08-01,    0.229
2006-09-01,    0.428
2006-10-01,    0.577
2006-11-01,    0.501
2006-12-01,    0.172
2007-01-01,    0.224
2007-02-01,    0.150
2007-03-01,    0.116
2007-04-01,    0.100
2007-05-01,    0.270
2007-06-01,    0.030
2007-07-01,    0.045
2007-08-01,    0.236
2007-09-01,    0.235
2007-10-01,    0.068
2007-11-01,   -0.023
2007-12-01,   -0.227
2008-01-01,    0.115
2008-02-01,   -0.072
2008-03-01,    0.097
2008-04-01,   -0.153
2008-05-01,    0.178
2008-06-01,    0.215
2008-07-01,    0.246
2008-08-01,    0.124
2008-09-01,    0.086
2008-10-01,    0.029
2008-11-01,   -0.128
2008-12-01,   -0.053
2009-01-01,    0.031
2009-02-01,    0.163
2009-03-01,    0.100
2009-04-01,    0.126
2009-05-01,    0.256
2009-06-01,    0.100
2009-07-01,   -0.192
2009-08-01,   -0.104
2009-09-01,   -0.103
2009-10-01,   -0.013
2009-11-01,   -0.067
2009-12-01,    0.160
2010-01-01,    0.294
2010-02-01,    0.023
2010-03-01,    0.458
2010-04-01,    0.370
2010-05-01,   -0.030
2010-06-01,   -0.140
2010-07-01,   -0.001
2010-08-01,   -0.062
2010-09-01,   -0.268
2010-10-01,   -0.437
2010-11-01,   -0.495
2010-12-01,   -0.212
2011-01-01,    0.192
2011-02-01,    0.242
2011-03-01,    0.367
2011-04-01,    0.154
2011-05-01,   -0.089
2011-06-01,    0.055
2011-07-01,    0.223
2011-08-01,    0.344
2011-09-01,    0.202
2011-10-01,    0.356
2011-11-01,    0.336
2011-12-01,   -0.128
2012-01-01,    0.046
2012-02-01,   -0.078
2012-03-01,    0.026
2012-04-01,   -0.271
2012-05-01,   -0.370
2012-06-01,    0.001
2012-07-01,    0.546
2012-08-01,    0.652
2012-09-01,    0.453
2012-10-01,    0.110
2012-11-01,   -0.100
2012-12-01,    0.268
2013-01-01,   -0.065
2013-02-01,    0.189
2013-03-01,    0.083
2013-04-01,   -0.297
2013-05-01,   -0.506
2013-06-01,   -0.497
2013-07-01,   -0.180
2013-08-01,   -0.194
2013-09-01,   -0.310
2013-10-01,   -0.168
2013-11-01,    0.199
2013-12-01,    0.141
2014-01-01,   -0.101
2014-02-01,   -0.089
2014-03-01,   -0.151
2014-04-01,   -0.058
2014-05-01,   -0.092
2014-06-01,   -0.028
2014-07-01,   -0.363
2014-08-01,   -0.372
2014-09-01,   -0.145
2014-10-01,    0.141
2014-11-01,    0.010
2014-12-01,    0.046
2015-01-01,   -0.100
2015-02-01,   -0.345
2015-03-01,   -0.241
2015-04-01,   -0.008
2015-05-01,    0.240
2015-06-01,    0.296
2015-07-01,    0.225
2015-08-01,    0.567
2015-09-01,    0.294
2015-10-01,    0.483
2015-11-01,    0.347
2015-12-01,    0.272
2016-01-01,    0.266
2016-02-01,   -0.110
2016-03-01,   -0.009
2016-04-01,    0.146
2016-05-01,   -0.113
2016-06-01,   -0.443
2016-07-01,   -0.758
2016-08-01,   -0.444
2016-09-01,   -0.437
2016-10-01,   -0.372
2016-11-01,   -0.382
2016-12-01,   -0.310
2017-01-01,   -0.086
2017-02-01,    0.101
2017-03-01,    0.357
2017-04-01,    0.499
2017-05-01,    0.536
2017-06-01,    0.424
2017-07-01,    0.520
2017-08-01,    0.349
2017-09-01,    0.034
2017-10-01,    0.016
2017-11-01,    0.289
2017-12-01,    0.109
2018-01-01,   -0.200
2018-02-01,    0.215
2018-03-01,   -0.120
2018-04-01,   -0.083
2018-05-01,    0.122
2018-06-01,    0.155
2018-07-01,    0.053
2018-08-01,    0.122
2018-09-01,    0.604
2018-10-01,    0.685
2018-11-01,    0.500
2018-12-01,    0.309
2019-01-01,    0.387
2019-02-01,    0.416
2019-03-01,    0.224
2019-04-01,    0.258
2019-05-01,    0.539
2019-06-01,    0.605
2019-07-01,    0.597
2019-08-01,    0.436
2019-09-01,    0.893
2019-10-01,    0.964
2019-11-01,    0.835
2019-12-01,    0.243
2020-01-01,    0.173
2020-02-01,    0.054
2020-03-01,    0.019
2020-04-01,   -0.011
2020-05-01,    0.298
2020-06-01,    0.454
2020-07-01,    0.320
2020-08-01,   -0.183
2020-09-01,   -0.190
2020-10-01,    0.074
2020-11-01,    0.020
2020-12-01,    0.030
2021-01-01,    0.051
2021-02-01,    0.243
2021-03-01,    0.266
2021-04-01,    0.250
2021-05-01,    0.009
2021-06-01,   -0.002
2021-07-01,   -0.228
2021-08-01,   -0.099
2021-09-01,   -0.058
2021-10-01,   -0.091
2021-11-01,    0.069
2021-12-01,   -0.120
2022-01-01,   -0.056
2022-02-01,   -0.083
2022-03-01,   -0.093
2022-04-01,   -0.068
2022-05-01,   -0.122
2022-06-01,   -0.335
2022-07-01,   -0.195
2022-08-01,   -0.246
2022-09-01,   -0.322
2022-10-01,   -0.691
2022-11-01,   -0.269
2022-12-01,   -0.092
2023-01-01,    0.109
2023-02-01,    0.157
2023-03-01,    0.415
2023-04-01,    0.560
2023-05-01,    0.443
2023-06-01,    0.665
2023-07-01,    0.498
2023-08-01,    0.825
2023-09-01,    0.946
2023-10-01,    0.804
2023-11-01,    0.920
2023-12-01,    0.851
2024-01-01,    0.765
2024-02-01,    0.328
2024-03-01,    0.421
2024-04-01,    0.440
2024-05-01,    0.297
2024-06-01,    0.197
2024-07-01,    0.033
2024-08-01,    0.267
2024-09-01,    0.115
2024-10-01,   -0.196
2024-11-01,   -0.383
2024-12-01,   -0.331
2025-01-01,   -0.196
2025-02-01,    0.017
2025-03-01,    0.059
2025-04-01,    0.149
2025-05-01,-9999.000
2025-06-01,-9999.000
2025-07-01,-9999.000
2025-08-01,-9999.000
2025-09-01,-9999.000
2025-10-01,-9999.000
2025-11-01,-9999.000
2025-12-01,-9999.000
